[
    {
        "uname": "赵日天",
        "age": "赵日天",
        "gender": "赵日天"
    },
    {
        "uname": "张美丽",
        "age": "赵日天",
        "gender": "赵日天"
    },
    {
        "uname": "11",
        "age": "11",
        "gender": "11"
    },
    {
        "uname": "张美丽",
        "age": "11",
        "gender": "11"
    },
    {
        "uname": "张美丽",
        "age": "18",
        "gender": "女"
    },
    {
        "uname": "张美丽",
        "age": "11",
        "gender": "11"
    },
    {
        "uname": "张美丽",
        "age": "18",
        "gender": "女"
    }
]