[{"hobby":["动漫","游戏"],"uname":"蔡亚舟","age":20,"gender":"男","tel":13838438438,"tag":"肥宅","__v":0,"_id":"60338d4536fbb63a2466edd3"},{"hobby":["动漫","游戏"],"uname":"李智","age":23,"gender":"男","tel":1381234678,"tag":"肥宅","__v":0,"_id":"60338d5d12be24453c29c831"},{"hobby":["动漫","游戏"],"uname":"李维华","age":23,"gender":"男","tel":1381234678,"tag":"肥宅","__v":0,"_id":"60338d5d12be24453c29c832"},{"uname":"啊实打实的","gender":"男","age":"3","hobby":["吃饭","打豆豆"],"tel":"17633928356","remark":"123","_id":"1614149079867"},{"uname":"蔡亚舟","gender":"男","age":"6","hobby":"睡觉","tel":"13838438438","remark":"aa","_id":"1614149253329"},{"uname":"蔡亚舟","gender":"男","age":"6","hobby":"睡觉","tel":"13838438438","remark":"aa","_id":"1614149301222"},{"uname":"蔡亚舟","gender":"女","age":"6","hobby":"睡觉","tel":"17633928356","remark":"123","_id":"1614149312795"}]