[
    {
        "uname": "222",
        "age": "2222",
        "gender": "2222"
    },
    {
        "uname": "张美丽",
        "age": "1",
        "gender": "2222"
    },
    {
        "name": "张美丽",
        "age": "11",
        "gender": "11"
    },
    {
        "name": "张美丽",
        "age": "2222",
        "gender": "22222"
    },
    {
        "name": "123",
        "age": "13234123",
        "gender": "12312312312"
    },
    {
        "name": "123",
        "age": "11",
        "gender": "11"
    },
    {
        "name": "12132121",
        "age": "1",
        "gender": "2"
    },
    {
        "name": "fdy",
        "age": "1",
        "gender": "2"
    }
]