[
    {
        "name": "张大锤",
        "age": 18,
        "gender": "女"
    },
    {
        "name": "张富贵",
        "age": 22,
        "gender": "男"
    },
    {
        "uname": "123",
        "age": "1",
        "gender": "1"
    },
    {
        "uname": "123",
        "age": "1",
        "gender": "1"
    },
    {
        "uname": "222",
        "age": "2222",
        "gender": "2222"
    },
    {
        "uname": "张美丽",
        "age": "1",
        "gender": "2222"
    },
    {
        "name": "张美丽",
        "age": "11",
        "gender": "11"
    },
    {
        "name": "张美丽",
        "age": "2222",
        "gender": "22222"
    },
    {
        "name": "123",
        "age": "13234123",
        "gender": "12312312312"
    },
    {
        "name": "123",
        "age": "11",
        "gender": "11"
    }
]