[{"clazz":"huohau20","name":"张三","gender":"male","age":"18","hobby":"read","tel":"18537289347","address":"luohe","remark":"单身程序员","id":"1613960062949"},{"clazz":"huohau20","name":"张三","gender":"male","age":"18","hobby":"read","tel":"18537289347","address":"luohe","remark":"单身程序员","id":"1613960070375"},{"clazz":"huohau20","name":"张三","gender":"male","age":"18","hobby":"read","tel":"18537289347","address":"luohe","remark":"单身程序员","id":"1613960078304"},{"clazz":"信工171","name":"蔡亚舟","age":"1","tel":"13838438438","address":"郑州","remark":"as","date":"2021-03-07","gender":"男","hobby":"打豆豆","id":"1613960392927"},{"clazz":"信工171","name":"蔡亚","age":"3","tel":"13838438438","address":"郑州","remark":"阿达的","date":"2021-02-28","gender":"男","hobby":"打豆豆","id":"1613960598440"}]